{"loss":{"0":0.7438371778,"1":0.440675348,"2":0.3733993173,"3":0.3397541344,"4":0.3132441044,"5":0.2928765416,"6":0.2766956687,"7":0.2656496763,"8":0.254186511,"9":0.2434304208,"10":0.2356853187,"11":0.2240732461,"12":0.2146237195,"13":0.2059357911,"14":0.1997693479,"15":0.1887911409,"16":0.1824668795,"17":0.1756758094,"18":0.1669569612,"19":0.1598488986,"20":0.1546863317,"21":0.1466815472,"22":0.1424812824,"23":0.1336281598,"24":0.1294745207,"25":0.1238013282,"26":0.121976465,"27":0.11306943,"28":0.107334435,"29":0.1038445607,"30":0.0996179283,"31":0.0950151607,"32":0.0871519223,"33":0.0850704238,"34":0.0816194266,"35":0.0767218396,"36":0.0737146139,"37":0.0683017224,"38":0.0678032935,"39":0.0676588118,"40":0.0657658428,"41":0.059064623,"42":0.0554426685,"43":0.0524101332,"44":0.0516438223,"45":0.0511714891,"46":0.0460204631,"47":0.0459077023,"48":0.0418732427,"49":0.0403650254,"50":0.0382006355,"51":0.0377270915,"52":0.0389595851,"53":0.0353427567,"54":0.0338088833,"55":0.0349594764,"56":0.0329873189,"57":0.0309494901,"58":0.028827548,"59":0.0265589301},"accuracy":{"0":0.7324000001,"1":0.8400166631,"2":0.8651499748,"3":0.8759166598,"4":0.885866642,"5":0.8927333355,"6":0.8979666829,"7":0.9020166397,"8":0.906916678,"9":0.910533309,"10":0.9125666618,"11":0.917116642,"12":0.9209833145,"13":0.9250500202,"14":0.9257500172,"15":0.9305333495,"16":0.9325333238,"17":0.9343500137,"18":0.9379500151,"19":0.9407500029,"20":0.9426833391,"21":0.9454666376,"22":0.9470499754,"23":0.9509000182,"24":0.951300025,"25":0.9538999796,"26":0.9545500278,"27":0.9580666423,"28":0.9597333074,"29":0.9609666467,"30":0.9629999995,"31":0.9650666714,"32":0.9679999948,"33":0.9689166546,"34":0.96996665,"35":0.9717333317,"36":0.972966671,"37":0.9751999974,"38":0.9754999876,"39":0.9745500088,"40":0.9756500125,"41":0.9790833592,"42":0.9797166586,"43":0.9812166691,"44":0.9813833237,"45":0.9808166623,"46":0.9839666486,"47":0.9835166931,"48":0.984983325,"49":0.9859166741,"50":0.986133337,"51":0.9860000014,"52":0.9860000014,"53":0.9871833324,"54":0.9878000021,"55":0.9871666431,"56":0.988016665,"57":0.9890833497,"58":0.9898666739,"59":0.9905666709}}