{"loss":{"0":0.0882533789,"1":0.0810100064,"2":0.0775965229,"3":0.076343365,"4":0.0753798187,"5":0.0737732202,"6":0.0737515837,"7":0.0725651756,"8":0.0720812976,"9":0.0713630542,"10":0.0703964755,"11":0.0707289949,"12":0.0683867335,"13":0.0692395866,"14":0.068724528,"15":0.0682020411,"16":0.0673042759,"17":0.0671330616,"18":0.0666065365,"19":0.0659585372,"20":0.0678783655,"21":0.0658654794,"22":0.0647466183,"23":0.0652885884,"24":0.0636250302,"25":0.0635141954,"26":0.0638666674,"27":0.063026838,"28":0.0625669807,"29":0.0619787201,"30":0.0618076362,"31":0.0604346283,"32":0.0624873191,"33":0.0606821403,"34":0.0610639639,"35":0.06120231,"36":0.0602153353,"37":0.0595707707,"38":0.0595752224,"39":0.0586080365,"40":0.0597003251,"41":0.058058098,"42":0.0585851036,"43":0.0577336513,"44":0.0577782467,"45":0.0569488816,"46":0.0562339462,"47":0.0566483103,"48":0.0559498779,"49":0.0565735884,"50":0.0548471734,"51":0.0555242598,"52":0.0546182021,"53":0.0535802357,"54":0.0551969595,"55":0.0547811091,"56":0.0544130243,"57":0.0532590821,"58":0.0539484434,"59":0.0534933023},"accuracy":{"0":0.9682499766,"1":0.971116662,"2":0.97299999,"3":0.9733833075,"4":0.9744166732,"5":0.9747999907,"6":0.9750333428,"7":0.9755666852,"8":0.9749333262,"9":0.9757333398,"10":0.9756666422,"11":0.9756333232,"12":0.977183342,"13":0.976516664,"14":0.9762833118,"15":0.9771000147,"16":0.9773833156,"17":0.9774166942,"18":0.9774500132,"19":0.9780499935,"20":0.9769833088,"21":0.9775000215,"22":0.9786999822,"23":0.978399992,"24":0.9789333344,"25":0.9788500071,"26":0.978333354,"27":0.9790833592,"28":0.9798666835,"29":0.9793666601,"30":0.9797999859,"31":0.9799833298,"32":0.9793333411,"33":0.9802666903,"34":0.9793499708,"35":0.9793499708,"36":0.9800333381,"37":0.9797999859,"38":0.9805166721,"39":0.9804166555,"40":0.9799500108,"41":0.9809333086,"42":0.9809499979,"43":0.9805833101,"44":0.9807833433,"45":0.9815833569,"46":0.9816666842,"47":0.9816166759,"48":0.9823166728,"49":0.9810000062,"50":0.9819666743,"51":0.9815833569,"52":0.9823833108,"53":0.9828000069,"54":0.9817166924,"55":0.9823166728,"56":0.982616663,"57":0.9832333326,"58":0.982583344,"59":0.9828166962},"val_loss":{"0":0.446274966,"1":0.4458177686,"2":0.4477216899,"3":0.4464609325,"4":0.4483556151,"5":0.4495299757,"6":0.446936518,"7":0.4512240291,"8":0.4506998956,"9":0.4561890066,"10":0.4539919496,"11":0.4535677731,"12":0.4577402472,"13":0.4553278685,"14":0.4583705664,"15":0.4563196301,"16":0.4522046447,"17":0.4572759867,"18":0.4590961039,"19":0.4591910243,"20":0.4556834996,"21":0.461019963,"22":0.4621994197,"23":0.4641339779,"24":0.4670773447,"25":0.4670011699,"26":0.465471983,"27":0.4650450051,"28":0.4694631398,"29":0.4660873413,"30":0.4716035724,"31":0.4715987444,"32":0.4662500918,"33":0.4695245624,"34":0.4745989144,"35":0.4704065025,"36":0.4745727181,"37":0.4784767926,"38":0.4758491814,"39":0.4774232805,"40":0.4727230966,"41":0.4803048372,"42":0.4803408086,"43":0.4775543511,"44":0.4784165025,"45":0.481441319,"46":0.4827702641,"47":0.4815140069,"48":0.4834662676,"49":0.4799690545,"50":0.482856214,"51":0.4857894182,"52":0.4824211001,"53":0.4872168899,"54":0.4824602902,"55":0.4882788062,"56":0.4828642011,"57":0.4872823656,"58":0.4894297719,"59":0.490942955},"val_accuracy":{"0":0.8842999935,"1":0.8855000138,"2":0.8855000138,"3":0.8851000071,"4":0.8860999942,"5":0.886500001,"6":0.8848999739,"7":0.8863000274,"8":0.886500001,"9":0.885800004,"10":0.885800004,"11":0.8853999972,"12":0.8859000206,"13":0.8863000274,"14":0.8840000033,"15":0.8859000206,"16":0.8859000206,"17":0.8848000169,"18":0.8853999972,"19":0.886500001,"20":0.8863999844,"21":0.8841999769,"22":0.8852999806,"23":0.8852999806,"24":0.8848000169,"25":0.8845999837,"26":0.885800004,"27":0.8855000138,"28":0.8844000101,"29":0.8866999745,"30":0.8838999867,"31":0.8847000003,"32":0.8845999837,"33":0.8856999874,"34":0.8863999844,"35":0.885800004,"36":0.8866000175,"37":0.8853999972,"38":0.8856999874,"39":0.8853999972,"40":0.8863000274,"41":0.8856999874,"42":0.8852000237,"43":0.8845000267,"44":0.8842999935,"45":0.8855999708,"46":0.8831999898,"47":0.8856999874,"48":0.8848000169,"49":0.8855000138,"50":0.885800004,"51":0.8845999837,"52":0.8844000101,"53":0.8847000003,"54":0.8852000237,"55":0.8856999874,"56":0.8863999844,"57":0.8855000138,"58":0.8852000237,"59":0.8856999874}}